feature,rank,source_file,sample_sd,pump_sd,fault_sd,total_sd,sample_variation_pct,pump_variation_pct,fault_variation_pct,separation_ratio,finite_coverage_pct,min_fault_coverage_pct,min_samples_per_pump,min_pumps_per_fault,n_faults_present,unique_values,eligible,candidate,exclusion_reason
CV1_air_0_col_0_q95,1,stats_features_2.csv,9.74334325358608,7.443786346902064,35.3093413083101,37.377697582412175,6.795022730409512,3.966091296035895,89.2388859735546,8.292718184590395,100.0,100.0,2,3,18,81,True,True,
CTR_air_1_col_0_q95,2,stats_features_2.csv,7.9369740388263885,6.875078636537532,29.314170238777617,31.138125183440543,6.4971814988936325,4.874952846888106,88.62786565421825,7.793424080246903,100.0,100.0,2,3,18,70,True,True,
CV1_air_0_col_0_q05,3,stats_features_2.csv,10.620191992209406,7.87967125137253,36.139190412581215,38.48270755362592,7.616115037806637,4.192614736246617,88.19127022594674,7.468311318269397,100.0,100.0,2,3,18,90,True,True,
CTR_air_0_col_0_std,4,stats_features_2.csv,7.17200258482363,4.940137028847973,22.458383755511942,24.087788936520397,8.865168621372188,4.206143804291964,86.92868757433585,6.650341200908066,100.0,100.0,2,3,18,315,True,True,
CTR_air_1_col_0_peak_magn_raw,5,ctvt_singlefault_peaks_freq.csv,140452.2621697026,124667.06903961665,483488.60397996905,518680.9676766777,7.3325807126768145,5.777006731302907,86.89041255602028,6.628005109033596,100.0,100.0,2,3,18,315,True,True,
CTR_air_0_col_0_mad,6,stats_features_2.csv,6.693760972487,5.191859963109865,21.801148373726495,23.38914098992459,8.190527192412699,4.927395202541189,86.8820776050461,6.62315837746283,100.0,100.0,2,3,18,76,True,True,
CV1_air_0_col_0_std,7,stats_features_2.csv,6.638634719212977,4.539057027031229,20.69535517750172,22.202978078463456,8.939949911322344,4.179350723786929,86.88069936489073,6.6223575311922165,100.0,100.0,2,3,18,315,True,True,
CTR_air_1_col_0_std,8,stats_features_2.csv,6.009386211992705,5.387770372361741,20.67915094042916,22.198380027543433,7.328543470028521,5.890817812292254,86.78063871767922,6.564662003279793,100.0,100.0,2,3,18,315,True,True,
CTR_water_2_col_0_q05,9,stats_features_2.csv,9.27596062266603,7.582876965872627,30.514667050222705,32.78244002112655,8.006362362878471,5.350390353579748,86.64324728354178,6.486849694894763,100.0,100.0,2,3,18,72,True,True,
CTR_air_0_col_0_peak_magn_raw,10,ctvt_singlefault_peaks_freq.csv,173791.21708052309,122453.46506335832,540413.5831402682,580728.0594933021,8.955916337302275,4.446277213829739,86.59780644886798,6.461465141394971,100.0,100.0,2,3,18,315,True,True,
CTR_water_2_col_0_q95,11,stats_features_2.csv,9.190035084588466,7.426975110605469,29.993292345814524,32.236846773389864,8.126980708167903,5.307852271675154,86.56516702015693,6.4433377884217045,100.0,100.0,2,3,18,63,True,True,
CTR_air_1_col_0_mad,12,stats_features_2.csv,5.9531259295712315,5.499278866865685,20.151266258798486,21.719928826353904,7.51230727363964,6.410541127675425,86.07715159868494,6.182438328535894,100.0,100.0,2,3,18,63,True,True,
CTB_air_0_col_0_q95,13,stats_features_2.csv,10.155501853735938,8.091371204126327,32.13815590999185,34.66216339409794,8.584034397401236,5.449202168964415,85.96676343363433,6.1259398733201955,100.0,100.0,2,3,18,77,True,True,
CTB_air_0_col_0_q05,14,stats_features_2.csv,10.565519697652418,8.130242878625024,32.86368943952944,35.46481551234622,8.875366953280823,5.255470823226911,85.86916222349225,6.0767212518884195,100.0,100.0,2,3,18,84,True,True,
CV1_air_0_col_0_peak_magn_raw,15,ctvt_singlefault_peaks_freq.csv,169147.3281195036,114970.7963967812,498174.2398264787,538522.6790588927,9.865572413134082,4.55792404946438,85.57650353740152,5.933131661890012,100.0,100.0,2,3,18,315,True,True,
CTR_water_2_col_0_std,16,stats_features_2.csv,7.092070286490156,5.479864397686832,21.807949826404244,23.577808430736667,9.047720846387902,5.401728524922539,85.55055062868956,5.920678942863472,100.0,100.0,2,3,18,315,True,True,
CTR_air_0_col_0_q05,17,stats_features_2.csv,10.827646584348596,7.23004406565809,31.661847991750843,34.234253110001546,10.003372226300927,4.460259982691723,85.53636779100735,5.913892620819394,100.0,100.0,2,3,18,83,True,True,
CTR_air_0_col_0_q95,18,stats_features_2.csv,10.684053513793199,6.961211024920215,30.968245972855826,33.49089006064737,10.176975525204561,4.320323023219215,85.50270145157621,5.897836839462241,100.0,100.0,2,3,18,74,True,True,
CTR_water_2_col_0_peak_magn_raw,19,ctvt_singlefault_peaks_freq.csv,175295.75318813676,127612.20186382721,517380.87915712676,560978.1183502007,9.764521066983324,5.174787990912359,85.06069094210433,5.693749999579015,100.0,100.0,2,3,18,315,True,True,
CTR_water_2_col_0_mad,20,stats_features_2.csv,7.504463795092349,5.723021802280917,21.869432160898086,23.81894242911213,9.926459705306126,5.7730570775216,84.30048321717227,5.369622796886393,100.0,100.0,2,3,18,66,True,True,
CTB_air_0_col_0_std,21,stats_features_2.csv,6.812426329795162,4.907420959510823,19.022047079001965,20.79255174451899,10.734654121990038,5.570459807227828,83.69488607078213,5.133045155900782,100.0,100.0,2,3,18,315,True,True,
CTB_air_0_col_0_peak_magn_raw,22,ctvt_singlefault_peaks_freq.csv,166736.4513500524,127002.87368198666,457453.713334035,503184.5327267011,10.980106244853618,6.370485472790999,82.64940828235538,4.763492198269262,100.0,100.0,2,3,18,315,True,True,
CTR_water_1_col_0_mad,23,stats_features_2.csv,4.5714510116430045,4.5566607483908586,14.038204305029161,15.450970896274352,8.753799423416119,8.69724777041543,82.54895280616844,4.730315143228032,100.0,100.0,2,3,18,65,True,True,
CV1_air_0_col_0_kurt,24,stats_features_2.csv,0.005327705098927518,0.016329495989199062,0.036480519574677496,0.040322018666242826,1.7458053599754593,16.400648775354846,81.8535458646697,4.510718471731876,100.0,100.0,2,3,18,315,True,True,
CTB_air_0_col_0_kurt,25,stats_features_2.csv,0.005289431880939453,0.0156575139830344,0.034988549112975206,0.03869540544797398,1.8685264675075803,16.372945393710527,81.7585281387819,4.482013773932513,100.0,100.0,2,3,18,315,True,True,
CTR_air_1_col_0_q05,26,stats_features_2.csv,10.85581681610629,9.513150389468636,30.229251815271876,33.49860376774861,10.501990010747923,8.064831778021,81.43317821123107,4.385951410407248,100.0,100.0,2,3,18,65,True,True,
CV1_air_0_col_0_mad,27,stats_features_2.csv,6.266580435117246,5.1498574117594815,16.811671285065064,18.666101711614278,11.270780215924468,7.611726115616689,81.11749366845886,4.295907134582074,100.0,100.0,2,3,18,65,True,True,
CTR_water_1_col_0_std,28,stats_features_2.csv,4.702050175748558,4.555406547977844,13.416730233010489,14.928819605648469,9.920271951474293,9.311150427502687,80.76857762102303,4.199823394722795,100.0,100.0,2,3,18,315,True,True,
CTB_air_1_col_0_kurt,29,stats_features_2.csv,0.0075190830512373834,0.01635126661149661,0.03616722538877791,0.040397632629330035,3.4643194546178186,16.382907110112257,80.15277343526994,4.03848735105927,100.0,100.0,2,3,18,315,True,True,
AC1_air_0_col_2_fft_mean,30,digital_feats_updt.csv,0.0006208222058122855,0.0007955614766469335,0.001972423235550589,0.002215579313519183,7.8516310166905665,12.893561236964922,79.25480774634453,3.8203939870636354,100.0,100.0,2,3,18,315,True,True,
CTR_water_1_col_0_q95,31,stats_features_2.csv,6.553709368096939,6.946226982335273,18.419776932539527,20.74823746770119,9.977274857482842,11.208190955632379,78.81453418688477,3.7202171942848343,100.0,100.0,2,3,18,61,True,True,
CV1_air_1_col_0_kurt,32,stats_features_2.csv,0.008323006407623412,0.017843641361016162,0.0379236716817115,0.04273023340100255,3.7939353659796473,17.437990691968068,78.76807394205228,3.7098882940281883,100.0,100.0,2,3,18,315,True,True,
CTR_water_1_col_0_q05,33,stats_features_2.csv,6.710353522207625,7.250066888674895,18.897356760976674,21.3237521753301,9.902926335147923,11.559971774978125,78.53710188987397,3.659203034319987,100.0,100.0,2,3,18,67,True,True,
GYR_air_0_col_1_fft_kurtosis,34,digital_feats_updt.csv,359.46380619447405,490.6387646142199,1118.846452849115,1273.4826305682514,7.967540603373513,14.843546065721272,77.18891333090521,3.3838332408549086,100.0,100.0,2,3,18,315,True,True,
CTR_water_1_col_0_peak_magn_raw,35,ctvt_singlefault_peaks_freq.csv,133958.3477138631,112512.32597447111,319158.47897575767,363958.78492012393,13.546751100133223,9.556432421421317,76.89681647844546,3.3284078104086032,100.0,100.0,2,3,18,315,True,True,
GYR_air_1_col_1_fft_kurtosis,36,digital_feats_updt.csv,375.07985083866345,501.1191330770664,1106.5878447228095,1271.354371577546,8.703906715925145,15.5363404000111,75.75975288406376,3.1253704849509183,100.0,100.0,2,3,18,315,True,True,
GYR_air_0_col_1_fft_skew,37,digital_feats_updt.csv,4.294873899530095,5.641075340257788,12.476771374057664,14.35052252455757,8.957058382254152,15.452130622195497,75.59081099555034,3.0968178001231657,100.0,100.0,2,3,18,315,True,True,
CTB_water_0_col_0_mad,39,stats_features_2.csv,6.367393872889465,6.154466512946918,15.268080799401694,17.65036696753226,13.014154312268335,12.158313784799056,74.8275319029326,2.9725941697250606,100.0,100.0,2,3,18,84,True,True,
VRY_air_1_col_1_mad,40,stats_features_2.csv,5.614238219197063,5.811996138020703,13.884648298167875,16.064944078772157,12.213024728232396,13.088569933599887,74.69840533816773,2.9523200547849684,100.0,100.0,2,3,18,76,True,True,
AC1_air_0_col_1_fft_mean,41,digital_feats_updt.csv,0.0006570126438366924,0.0007701148883325768,0.001722966559734805,0.0019983383901024288,10.809594221598939,14.851590829989751,74.3388149484113,2.896936162494528,100.0,100.0,2,3,18,315,True,True,
CTB_air_0_col_0_mad,43,stats_features_2.csv,7.351237158274902,6.2415681648702295,16.297351478593427,18.93677707876223,15.069843215753677,10.86363841700969,74.06651836723664,2.8560190805103405,100.0,100.0,2,3,18,74,True,True,
AC1_air_0_col_2_fft_std,44,digital_feats_updt.csv,0.0026947983385718598,0.002574784963344779,0.006216582278914191,0.007248265373421836,13.822429105984916,12.618675077686841,73.55889581632825,2.781990317248296,100.0,100.0,2,3,18,315,True,True,
GYR_air_1_col_1_fft_skew,45,digital_feats_updt.csv,4.476658646203823,5.93766536179533,12.396601611303684,14.455866424835026,9.590024275561396,16.871091556965254,73.53888416747334,2.779130125611617,100.0,100.0,2,3,18,315,True,True,
CTB_water_0_col_0_std,46,stats_features_2.csv,6.416914885380697,6.579089943737612,15.160683838084125,17.728721205218243,13.100797583830683,13.77135984178564,73.12784257438366,2.721323837760542,100.0,100.0,2,3,18,315,True,True,
CTB_water_0_col_0_q05,47,stats_features_2.csv,9.494099667579997,10.270240613870925,22.770749424897424,26.7230761727802,12.62218885613925,14.770266716968687,72.60754442689208,2.650640218548835,100.0,100.0,2,3,18,95,True,True,
CV1_water_0_col_0_mad,48,stats_features_2.csv,8.405407179665186,6.679303200034951,17.40420508350404,20.449213082234536,16.895237946441693,10.668641356134899,72.4361206974234,2.627936362014627,100.0,100.0,2,3,18,89,True,True,
AC1_air_1_col_0_fft_skew,52,digital_feats_updt.csv,2.1547858322291575,2.532345525809039,5.258516464767926,6.221565016544947,11.995239810983493,16.56710548565961,71.43765470335688,2.50111305501768,100.0,100.0,2,3,18,315,True,True,
AC1_air_0_col_1_contrast_freq,56,digital_feats_updt.csv,0.03647649270884839,0.0381920892777622,0.08158043373089625,0.0971830096851316,14.087873953035484,15.444225863389361,70.46790018357515,2.3861459436210857,100.0,100.0,2,3,18,315,True,True,
CTR_water_0_col_0_mad,57,stats_features_2.csv,5.390617277235477,6.757494707524547,13.34410960899448,15.899300318212454,11.495317537996362,18.064061495173082,70.44062096683056,2.3830209994529,100.0,100.0,2,3,18,72,True,True,
CTR_water_0_col_0_std,58,stats_features_2.csv,5.394943234968267,7.039091134434639,13.517848002525225,16.167449740969705,11.135012778996451,18.95615001332776,69.90883720767579,2.323234821138532,100.0,100.0,2,3,18,315,True,True,
CV1_water_0_col_0_std,59,stats_features_2.csv,8.426455618898558,6.942384898639233,16.584769804139302,19.85589211882488,18.009890254653158,12.224710047635881,69.76539969771096,2.3074688932609795,100.0,100.0,2,3,18,315,True,True,
GYR_air_0_col_0_fft_mean,66,digital_feats_updt.csv,0.0004118634031611043,0.0005046742233264565,0.0009777178013177837,0.0011748445146347196,12.2898227795761,18.45276537080915,69.25741184961474,2.2528165654376386,100.0,100.0,2,3,18,315,True,True,
CV1_air_1_col_0_mad,69,stats_features_2.csv,4.315653555620506,3.7234957427295163,8.432209227143382,10.177987945001052,17.979155287641788,13.383751333457788,68.63709337890043,2.1884799839541795,100.0,100.0,2,3,18,47,True,True,
CTB_water_0_col_0_peak_magn_raw,75,ctvt_singlefault_peaks_freq.csv,188729.64148381125,156381.60341357483,360132.01990008814,435625.0167496422,18.769582197732074,12.886818122835136,68.34359967943278,2.1589188596098796,100.0,100.0,2,3,18,315,True,True,
CV1_water_0_col_0_q05,86,stats_features_2.csv,12.330106001667048,10.799174130803124,23.603972156892006,28.736756558510326,18.410183728731436,14.12230511223406,67.4675111590345,2.073850282062595,100.0,100.0,2,3,18,93,True,True,
CV1_air_1_col_0_q95,96,stats_features_2.csv,5.537050411850502,6.143300097989983,11.850669364918817,14.45120852226425,14.680762731618172,18.071538468873708,67.24769879950813,2.053220577932954,100.0,100.0,2,3,18,54,True,True,
VRY_water_3_col_1_kurt,97,stats_features_2.csv,0.003483293614032917,0.00394448594596857,0.007532660793538491,0.009188758480339877,14.37032181532585,18.42753110365575,67.2021470810184,2.048980073391496,100.0,100.0,2,3,18,315,True,True,
CV1_air_1_col_0_std,99,stats_features_2.csv,3.8421578125458082,3.7457535261945143,7.671963459530051,9.362257711677763,16.84182750176875,16.007267803252496,67.15090469497875,2.0442238689208034,100.0,100.0,2,3,18,315,True,True,
CTB_water_0_col_0_q95,113,stats_features_2.csv,12.145034222912642,11.233069403946567,23.378339046989183,28.639665520141445,17.982977573583256,15.383707054788346,66.63331537162841,1.9970013836786853,100.0,100.0,2,3,18,59,True,True,
CTR_water_0_col_0_peak_magn_raw,115,ctvt_singlefault_peaks_freq.csv,146774.59885689768,171544.12858973586,318461.2893033576,390368.753498499,14.136819351773358,19.310860227600017,66.55232042062661,1.9897440198413143,100.0,100.0,2,3,18,315,True,True,
CV1_water_0_col_0_q95,143,stats_features_2.csv,13.347583858360554,12.834185795534243,24.89571961092699,31.026942724608798,18.50663025059304,17.110341447828997,64.38302830157797,1.8076502642258712,100.0,100.0,2,3,18,78,True,True,
AC1_air_1_col_1_band_peak_mag_75_125,152,digital_feats_updt.csv,0.07928629466710474,0.07155300090419076,0.14212749191480187,0.1777818112699557,19.88939584339679,16.198733187774245,63.911870968828964,1.7709943043493674,100.0,100.0,2,3,18,68,True,True,
CV1_air_1_col_0_peak_magn_raw,153,ctvt_singlefault_peaks_freq.csv,95097.51545541393,97549.99058721447,181215.02032767195,226712.2001607255,17.594971102956276,18.51418846825751,63.89084042878622,1.7693804338697483,100.0,100.0,2,3,18,315,True,True,
CTB_water_1_col_0_mad,166,stats_features_2.csv,7.46310392121729,7.1047205469973225,13.413945682423384,16.9147542979737,19.467383788395384,17.642601039079945,62.89001517252466,1.6946925595604774,100.0,100.0,2,3,18,79,True,True,
