fault_id,pump_id,n_samples
00000000000_,1,2
00000000000_,2,5
00000000000_,3,3
00000000001_,1,5
00000000001_,2,5
00000000001_,3,5
00000000010_,1,5
00000000010_,2,5
00000000010_,3,5
00000000100_,1,5
00000000100_,2,5
00000000100_,3,5
00000000200_,1,5
00000000200_,2,5
00000000200_,3,5
00000001000_,1,5
00000001000_,2,5
00000001000_,3,5
00000010000_,1,5
00000010000_,2,5
00000010000_,3,5
00000100000_,1,5
00000100000_,2,5
00000100000_,3,5
00000200000_,1,5
00000200000_,2,5
00000200000_,3,5
00001000000_,1,5
00001000000_,2,5
00001000000_,3,5
00002000000_,1,5
00002000000_,2,5
00002000000_,3,5
00010000000_,1,4
00010000000_,2,4
00010000000_,3,5
00100000000_,1,5
00100000000_,2,5
00100000000_,3,5
01000000000_,1,5
01000000000_,2,5
01000000000_,3,5
10000000000_,1,5
10000000000_,2,5
10000000000_,3,5
10000000000_,4,5
10000000000_,5,5
10000000000_,6,4
20000000000_,1,5
20000000000_,2,5
20000000000_,3,4
20000000000_,4,5
20000000000_,5,4
20000000000_,6,5
30000000000_,1,5
30000000000_,2,5
30000000000_,3,5
30000000000_,4,5
30000000000_,5,5
30000000000_,6,5
40000000000_,2,5
40000000000_,3,5
40000000000_,4,5
40000000000_,5,5
40000000000_,6,5
