Candidate Fault,No Fault,Faults,FeatureSimilarity,Distinguishable_F1,LR_F1,SVC_F1,DT_F1,Primary_Model,Primary_Merged_F1,Max_Merged_F1
00000000000_,00000000000_,"['00000000001_', '00000000010_', '00000000100_', '00000000200_', '00000001000_', '00000010000_', '00000100000_', '00000200000_', '00001000000_', '00002000000_', '00010000000_', '00100000000_', '01000000000_', '10000000000_', '20000000000_', '30000000000_', '40000000000_']",100.0,,0.5202674402900745,0.49214659685863876,0.5549805266898897,LR,0.5202674402900745,0.5549805266898897
00000100000_,00000000000_ + 00000100000_,"['00000000001_', '00000000010_', '00000000100_', '00000000200_', '00000001000_', '00000010000_', '00000200000_', '00001000000_', '00002000000_', '00010000000_', '00100000000_', '01000000000_', '10000000000_', '20000000000_', '30000000000_', '40000000000_']",3.28376494878533,0.6626016260162602,0.5276266016429009,0.5266804799847267,0.6932071402899245,LR,0.5276266016429009,0.6932071402899245
30000000000_,00000000000_ + 30000000000_,"['00000000001_', '00000000010_', '00000000100_', '00000000200_', '00000001000_', '00000010000_', '00000100000_', '00000200000_', '00001000000_', '00002000000_', '00010000000_', '00100000000_', '01000000000_', '10000000000_', '20000000000_', '40000000000_']",3.1417995904805327,0.7066176470588235,0.6262099972042974,0.5390410694278097,0.7074168127138548,LR,0.6262099972042974,0.7074168127138548
20000000000_,00000000000_ + 20000000000_,"['00000000001_', '00000000010_', '00000000100_', '00000000200_', '00000001000_', '00000010000_', '00000100000_', '00000200000_', '00001000000_', '00002000000_', '00010000000_', '00100000000_', '01000000000_', '10000000000_', '30000000000_', '40000000000_']",2.9956774576694247,0.7175679462034183,0.5636226530102311,0.49125874125874125,0.664012595591543,LR,0.5636226530102311,0.664012595591543
00000200000_,00000000000_ + 00000200000_,"['00000000001_', '00000000010_', '00000000100_', '00000000200_', '00000001000_', '00000010000_', '00000100000_', '00001000000_', '00002000000_', '00010000000_', '00100000000_', '01000000000_', '10000000000_', '20000000000_', '30000000000_', '40000000000_']",2.9172172089392987,0.8786549707602339,0.6007988270387785,0.47747306562193925,0.5346203911889507,LR,0.6007988270387785,0.6007988270387785
40000000000_,00000000000_ + 40000000000_,"['00000000001_', '00000000010_', '00000000100_', '00000000200_', '00000001000_', '00000010000_', '00000100000_', '00000200000_', '00001000000_', '00002000000_', '00010000000_', '00100000000_', '01000000000_', '10000000000_', '20000000000_', '30000000000_']",2.8691678031240664,0.7461988304093568,0.5643632186453346,0.504167755801458,0.6679100189615215,LR,0.5643632186453346,0.6679100189615215
00010000000_,00000000000_ + 00010000000_,"['00000000001_', '00000000010_', '00000000100_', '00000000200_', '00000001000_', '00000010000_', '00000100000_', '00000200000_', '00001000000_', '00002000000_', '00100000000_', '01000000000_', '10000000000_', '20000000000_', '30000000000_', '40000000000_']",2.8599286362441516,0.8393234672304439,0.5550793292728777,0.6403892150467493,0.5888639439535069,LR,0.5550793292728777,0.6403892150467493
10000000000_,00000000000_ + 10000000000_,"['00000000001_', '00000000010_', '00000000100_', '00000000200_', '00000001000_', '00000010000_', '00000100000_', '00000200000_', '00001000000_', '00002000000_', '00010000000_', '00100000000_', '01000000000_', '20000000000_', '30000000000_', '40000000000_']",2.842172756478797,0.7010316052303043,0.6194623976888668,0.5481596936796518,0.7001166070342943,LR,0.6194623976888668,0.7001166070342943
00000000200_,00000000000_ + 00000000200_,"['00000000001_', '00000000010_', '00000000100_', '00000001000_', '00000010000_', '00000100000_', '00000200000_', '00001000000_', '00002000000_', '00010000000_', '00100000000_', '01000000000_', '10000000000_', '20000000000_', '30000000000_', '40000000000_']",2.8027450628818045,0.8528368794326242,0.5641740009712548,0.47976596782057535,0.576828033780317,LR,0.5641740009712548,0.576828033780317
00001000000_,00000000000_ + 00001000000_,"['00000000001_', '00000000010_', '00000000100_', '00000000200_', '00000001000_', '00000010000_', '00000100000_', '00000200000_', '00002000000_', '00010000000_', '00100000000_', '01000000000_', '10000000000_', '20000000000_', '30000000000_', '40000000000_']",2.768802082102227,0.9616273693943597,0.49840129475387834,0.47976596782057535,0.5294506766627161,LR,0.49840129475387834,0.5294506766627161
00000010000_,00000000000_ + 00000010000_,"['00000000001_', '00000000010_', '00000000100_', '00000000200_', '00000001000_', '00000100000_', '00000200000_', '00001000000_', '00002000000_', '00010000000_', '00100000000_', '01000000000_', '10000000000_', '20000000000_', '30000000000_', '40000000000_']",2.7632284713964337,0.9245454545454546,0.5067455375674554,0.47976596782057535,0.5718310916339722,LR,0.5067455375674554,0.5718310916339722
00100000000_,00000000000_ + 00100000000_,"['00000000001_', '00000000010_', '00000000100_', '00000000200_', '00000001000_', '00000010000_', '00000100000_', '00000200000_', '00001000000_', '00002000000_', '00010000000_', '01000000000_', '10000000000_', '20000000000_', '30000000000_', '40000000000_']",2.622085105588168,0.7446153846153847,0.538998544660724,0.47976596782057535,0.5313733408400221,LR,0.538998544660724,0.538998544660724
00000000001_,00000000000_ + 00000000001_,"['00000000010_', '00000000100_', '00000000200_', '00000001000_', '00000010000_', '00000100000_', '00000200000_', '00001000000_', '00002000000_', '00010000000_', '00100000000_', '01000000000_', '10000000000_', '20000000000_', '30000000000_', '40000000000_']",2.614034916652602,0.8848821081830791,0.4852778516724305,0.47976596782057535,0.4780455462436275,LR,0.4852778516724305,0.4852778516724305
00000000010_,00000000000_ + 00000000010_,"['00000000001_', '00000000100_', '00000000200_', '00000001000_', '00000010000_', '00000100000_', '00000200000_', '00001000000_', '00002000000_', '00010000000_', '00100000000_', '01000000000_', '10000000000_', '20000000000_', '30000000000_', '40000000000_']",2.5764556392452187,0.8315378610460578,0.5404865533513539,0.47976596782057535,0.6599925646608954,LR,0.5404865533513539,0.6599925646608954
01000000000_,00000000000_ + 01000000000_,"['00000000001_', '00000000010_', '00000000100_', '00000000200_', '00000001000_', '00000010000_', '00000100000_', '00000200000_', '00001000000_', '00002000000_', '00010000000_', '00100000000_', '10000000000_', '20000000000_', '30000000000_', '40000000000_']",2.574984345468209,0.691970310391363,0.5192475570949846,0.5266804799847267,0.6621707193515705,LR,0.5192475570949846,0.6621707193515705
00002000000_,00000000000_ + 00002000000_,"['00000000001_', '00000000010_', '00000000100_', '00000000200_', '00000001000_', '00000010000_', '00000100000_', '00000200000_', '00001000000_', '00010000000_', '00100000000_', '01000000000_', '10000000000_', '20000000000_', '30000000000_', '40000000000_']",2.4852619552250124,0.9627969520394442,0.5635298225135746,0.47976596782057535,0.6207518796992482,LR,0.5635298225135746,0.6207518796992482
00000001000_,00000000000_ + 00000001000_,"['00000000001_', '00000000010_', '00000000100_', '00000000200_', '00000010000_', '00000100000_', '00000200000_', '00001000000_', '00002000000_', '00010000000_', '00100000000_', '01000000000_', '10000000000_', '20000000000_', '30000000000_', '40000000000_']",2.374340019210912,0.9616273693943597,0.6343945442448437,0.47976596782057535,0.6786913852877361,LR,0.6343945442448437,0.6786913852877361
00000000100_,00000000000_ + 00000000100_,"['00000000001_', '00000000010_', '00000000200_', '00000001000_', '00000010000_', '00000100000_', '00000200000_', '00001000000_', '00002000000_', '00010000000_', '00100000000_', '01000000000_', '10000000000_', '20000000000_', '30000000000_', '40000000000_']",0.02612521904394618,0.8528368794326242,0.5577137019565055,0.47976596782057535,0.5240981240981241,LR,0.5577137019565055,0.5577137019565055
