Fault_A,Fault_B,Combined_Group,Remaining_Faults,FeatureSimilarity,A_vs_B_LR_F1,AB_vs_Rest_LR_F1,AB_vs_Rest_SVC_F1,AB_vs_Rest_DT_F1,Primary_Model,Primary_Merged_F1
10000000000_,20000000000_,10000000000_ + 20000000000_,"['00000000000_', '00000000001_', '00000000010_', '00000000100_', '00000000200_', '00000001000_', '00000010000_', '00000100000_', '00000200000_', '00001000000_', '00002000000_', '00010000000_', '00100000000_', '01000000000_', '30000000000_', '40000000000_']",5.3591321152680385,0.4020494442422376,0.7493992023499843,,,LR,0.7493992023499843
20000000000_,30000000000_,20000000000_ + 30000000000_,"['00000000000_', '00000000001_', '00000000010_', '00000000100_', '00000000200_', '00000001000_', '00000010000_', '00000100000_', '00000200000_', '00001000000_', '00002000000_', '00010000000_', '00100000000_', '01000000000_', '10000000000_', '40000000000_']",4.802288640652544,0.5989258629530672,0.708447541221576,,,LR,0.708447541221576
10000000000_,30000000000_,10000000000_ + 30000000000_,"['00000000000_', '00000000001_', '00000000010_', '00000000100_', '00000000200_', '00000001000_', '00000010000_', '00000100000_', '00000200000_', '00001000000_', '00002000000_', '00010000000_', '00100000000_', '01000000000_', '20000000000_', '40000000000_']",4.335137314252535,0.703866887829152,0.7525980626480073,,,LR,0.7525980626480073
00000100000_,40000000000_,00000100000_ + 40000000000_,"['00000000000_', '00000000001_', '00000000010_', '00000000100_', '00000000200_', '00000001000_', '00000010000_', '00000200000_', '00001000000_', '00002000000_', '00010000000_', '00100000000_', '01000000000_', '10000000000_', '20000000000_', '30000000000_']",3.9609636040555056,0.7892016863865089,0.5925233411864428,,,LR,0.5925233411864428
01000000000_,40000000000_,01000000000_ + 40000000000_,"['00000000000_', '00000000001_', '00000000010_', '00000000100_', '00000000200_', '00000001000_', '00000010000_', '00000100000_', '00000200000_', '00001000000_', '00002000000_', '00010000000_', '00100000000_', '10000000000_', '20000000000_', '30000000000_']",3.938799356605786,0.656341642228739,0.6344704699860821,,,LR,0.6344704699860821
20000000000_,40000000000_,20000000000_ + 40000000000_,"['00000000000_', '00000000001_', '00000000010_', '00000000100_', '00000000200_', '00000001000_', '00000010000_', '00000100000_', '00000200000_', '00001000000_', '00002000000_', '00010000000_', '00100000000_', '01000000000_', '10000000000_', '30000000000_']",3.861232078517869,0.7229790115098171,0.627685559044913,,,LR,0.627685559044913
30000000000_,40000000000_,30000000000_ + 40000000000_,"['00000000000_', '00000000001_', '00000000010_', '00000000100_', '00000000200_', '00000001000_', '00000010000_', '00000100000_', '00000200000_', '00001000000_', '00002000000_', '00010000000_', '00100000000_', '01000000000_', '10000000000_', '20000000000_']",3.8538369808169044,0.637060187518903,0.6703571198859544,,,LR,0.6703571198859544
00000100000_,00000200000_,00000100000_ + 00000200000_,"['00000000000_', '00000000001_', '00000000010_', '00000000100_', '00000000200_', '00000001000_', '00000010000_', '00001000000_', '00002000000_', '00010000000_', '00100000000_', '01000000000_', '10000000000_', '20000000000_', '30000000000_', '40000000000_']",3.8502259405196755,0.38945050545490945,0.6207377018456117,,,LR,0.6207377018456117
10000000000_,40000000000_,10000000000_ + 40000000000_,"['00000000000_', '00000000001_', '00000000010_', '00000000100_', '00000000200_', '00000001000_', '00000010000_', '00000100000_', '00000200000_', '00001000000_', '00002000000_', '00010000000_', '00100000000_', '01000000000_', '20000000000_', '30000000000_']",3.816181704164508,0.7707228759860338,0.6384215060662685,,,LR,0.6384215060662685
00000000001_,00000000010_,00000000001_ + 00000000010_,"['00000000000_', '00000000100_', '00000000200_', '00000001000_', '00000010000_', '00000100000_', '00000200000_', '00001000000_', '00002000000_', '00010000000_', '00100000000_', '01000000000_', '10000000000_', '20000000000_', '30000000000_', '40000000000_']",3.786662768511922,0.6386993175431553,0.6387258524991667,,,LR,0.6387258524991667
00000200000_,40000000000_,00000200000_ + 40000000000_,"['00000000000_', '00000000001_', '00000000010_', '00000000100_', '00000000200_', '00000001000_', '00000010000_', '00000100000_', '00001000000_', '00002000000_', '00010000000_', '00100000000_', '01000000000_', '10000000000_', '20000000000_', '30000000000_']",3.784749869166261,0.7028862478777589,0.673500611995104,,,LR,0.673500611995104
00001000000_,20000000000_,00001000000_ + 20000000000_,"['00000000000_', '00000000001_', '00000000010_', '00000000100_', '00000000200_', '00000001000_', '00000010000_', '00000100000_', '00000200000_', '00002000000_', '00010000000_', '00100000000_', '01000000000_', '10000000000_', '30000000000_', '40000000000_']",3.6754704933654425,0.9297987236131566,0.5587282365306402,,,LR,0.5587282365306402
00000200000_,01000000000_,00000200000_ + 01000000000_,"['00000000000_', '00000000001_', '00000000010_', '00000000100_', '00000000200_', '00000001000_', '00000010000_', '00000100000_', '00001000000_', '00002000000_', '00010000000_', '00100000000_', '10000000000_', '20000000000_', '30000000000_', '40000000000_']",3.616740813591178,0.4625878462174452,0.6286102095806372,,,LR,0.6286102095806372
00000100000_,01000000000_,00000100000_ + 01000000000_,"['00000000000_', '00000000001_', '00000000010_', '00000000100_', '00000000200_', '00000001000_', '00000010000_', '00000200000_', '00001000000_', '00002000000_', '00010000000_', '00100000000_', '10000000000_', '20000000000_', '30000000000_', '40000000000_']",3.6054653948282214,0.6290726817042607,0.5467906658030846,,,LR,0.5467906658030846
00001000000_,10000000000_,00001000000_ + 10000000000_,"['00000000000_', '00000000001_', '00000000010_', '00000000100_', '00000000200_', '00000001000_', '00000010000_', '00000100000_', '00000200000_', '00002000000_', '00010000000_', '00100000000_', '01000000000_', '20000000000_', '30000000000_', '40000000000_']",3.6022765973410893,0.9530851063829787,0.6636537276072703,,,LR,0.6636537276072703
00000000100_,00002000000_,00000000100_ + 00002000000_,"['00000000000_', '00000000001_', '00000000010_', '00000000200_', '00000001000_', '00000010000_', '00000100000_', '00000200000_', '00001000000_', '00010000000_', '00100000000_', '01000000000_', '10000000000_', '20000000000_', '30000000000_', '40000000000_']",3.567244079540375,0.6547756041426928,0.5984868740283018,,,LR,0.5984868740283018
00001000000_,30000000000_,00001000000_ + 30000000000_,"['00000000000_', '00000000001_', '00000000010_', '00000000100_', '00000000200_', '00000001000_', '00000010000_', '00000100000_', '00000200000_', '00002000000_', '00010000000_', '00100000000_', '01000000000_', '10000000000_', '20000000000_', '40000000000_']",3.5601608186214864,0.9562341956817739,0.6465284080595389,,,LR,0.6465284080595389
00001000000_,40000000000_,00001000000_ + 40000000000_,"['00000000000_', '00000000001_', '00000000010_', '00000000100_', '00000000200_', '00000001000_', '00000010000_', '00000100000_', '00000200000_', '00002000000_', '00010000000_', '00100000000_', '01000000000_', '10000000000_', '20000000000_', '30000000000_']",3.41712540950269,0.7707246898039921,0.610577381988467,,,LR,0.610577381988467
00010000000_,40000000000_,00010000000_ + 40000000000_,"['00000000000_', '00000000001_', '00000000010_', '00000000100_', '00000000200_', '00000001000_', '00000010000_', '00000100000_', '00000200000_', '00001000000_', '00002000000_', '00100000000_', '01000000000_', '10000000000_', '20000000000_', '30000000000_']",3.406048480082625,0.7846460618145563,0.7238326258338387,,,LR,0.7238326258338387
00000000200_,40000000000_,00000000200_ + 40000000000_,"['00000000000_', '00000000001_', '00000000010_', '00000000100_', '00000001000_', '00000010000_', '00000100000_', '00000200000_', '00001000000_', '00002000000_', '00010000000_', '00100000000_', '01000000000_', '10000000000_', '20000000000_', '30000000000_']",3.3933085516367827,0.7337399299076055,0.6669121151463159,,,LR,0.6669121151463159
00000000100_,00000010000_,00000000100_ + 00000010000_,"['00000000000_', '00000000001_', '00000000010_', '00000000200_', '00000001000_', '00000100000_', '00000200000_', '00001000000_', '00002000000_', '00010000000_', '00100000000_', '01000000000_', '10000000000_', '20000000000_', '30000000000_', '40000000000_']",3.3590266662871566,0.8028841166096068,0.5629096441947565,,,LR,0.5629096441947565
00000100000_,20000000000_,00000100000_ + 20000000000_,"['00000000000_', '00000000001_', '00000000010_', '00000000100_', '00000000200_', '00000001000_', '00000010000_', '00000200000_', '00001000000_', '00002000000_', '00010000000_', '00100000000_', '01000000000_', '10000000000_', '30000000000_', '40000000000_']",3.3396451761901313,0.8336620644312952,0.5658659048608405,,,LR,0.5658659048608405
00000000200_,10000000000_,00000000200_ + 10000000000_,"['00000000000_', '00000000001_', '00000000010_', '00000000100_', '00000001000_', '00000010000_', '00000100000_', '00000200000_', '00001000000_', '00002000000_', '00010000000_', '00100000000_', '01000000000_', '20000000000_', '30000000000_', '40000000000_']",3.323708490295547,0.8829151732377538,0.6796502816050584,,,LR,0.6796502816050584
00000010000_,20000000000_,00000010000_ + 20000000000_,"['00000000000_', '00000000001_', '00000000010_', '00000000100_', '00000000200_', '00000001000_', '00000100000_', '00000200000_', '00001000000_', '00002000000_', '00010000000_', '00100000000_', '01000000000_', '10000000000_', '30000000000_', '40000000000_']",3.3182640533875998,0.9165472969388297,0.5434768693464798,,,LR,0.5434768693464798
00000000001_,00000010000_,00000000001_ + 00000010000_,"['00000000000_', '00000000010_', '00000000100_', '00000000200_', '00000001000_', '00000100000_', '00000200000_', '00001000000_', '00002000000_', '00010000000_', '00100000000_', '01000000000_', '10000000000_', '20000000000_', '30000000000_', '40000000000_']",3.3092504371119276,0.7777777777777778,0.5815168807307033,,,LR,0.5815168807307033
00000000100_,00100000000_,00000000100_ + 00100000000_,"['00000000000_', '00000000001_', '00000000010_', '00000000200_', '00000001000_', '00000010000_', '00000100000_', '00000200000_', '00001000000_', '00002000000_', '00010000000_', '01000000000_', '10000000000_', '20000000000_', '30000000000_', '40000000000_']",3.3083422177636788,0.8299829982998299,0.6429885903570114,,,LR,0.6429885903570114
00000010000_,00100000000_,00000010000_ + 00100000000_,"['00000000000_', '00000000001_', '00000000010_', '00000000100_', '00000000200_', '00000001000_', '00000100000_', '00000200000_', '00001000000_', '00002000000_', '00010000000_', '01000000000_', '10000000000_', '20000000000_', '30000000000_', '40000000000_']",3.3067241856239518,0.8998397435897436,0.5385742000841011,,,LR,0.5385742000841011
00000000001_,00002000000_,00000000001_ + 00002000000_,"['00000000000_', '00000000010_', '00000000100_', '00000000200_', '00000001000_', '00000010000_', '00000100000_', '00000200000_', '00001000000_', '00010000000_', '00100000000_', '01000000000_', '10000000000_', '20000000000_', '30000000000_', '40000000000_']",3.3042013573170306,0.9099189270343309,0.5559236423845326,,,LR,0.5559236423845326
00100000000_,30000000000_,00100000000_ + 30000000000_,"['00000000000_', '00000000001_', '00000000010_', '00000000100_', '00000000200_', '00000001000_', '00000010000_', '00000100000_', '00000200000_', '00001000000_', '00002000000_', '00010000000_', '01000000000_', '10000000000_', '20000000000_', '40000000000_']",3.299249647243049,0.7673782156540777,0.6320539121997978,,,LR,0.6320539121997978
00000000000_,00000100000_,00000000000_ + 00000100000_,"['00000000001_', '00000000010_', '00000000100_', '00000000200_', '00000001000_', '00000010000_', '00000200000_', '00001000000_', '00002000000_', '00010000000_', '00100000000_', '01000000000_', '10000000000_', '20000000000_', '30000000000_', '40000000000_']",3.28376494878533,0.6626016260162602,0.5276266016429009,,,LR,0.5276266016429009
00000000200_,20000000000_,00000000200_ + 20000000000_,"['00000000000_', '00000000001_', '00000000010_', '00000000100_', '00000001000_', '00000010000_', '00000100000_', '00000200000_', '00001000000_', '00002000000_', '00010000000_', '00100000000_', '01000000000_', '10000000000_', '30000000000_', '40000000000_']",3.2836412582978456,0.968640350877193,0.6138246502157547,,,LR,0.6138246502157547
00001000000_,00002000000_,00001000000_ + 00002000000_,"['00000000000_', '00000000001_', '00000000010_', '00000000100_', '00000000200_', '00000001000_', '00000010000_', '00000100000_', '00000200000_', '00010000000_', '00100000000_', '01000000000_', '10000000000_', '20000000000_', '30000000000_', '40000000000_']",3.274850030291051,0.8383838383838383,0.6397330008830711,,,LR,0.6397330008830711
00000000200_,00001000000_,00000000200_ + 00001000000_,"['00000000000_', '00000000001_', '00000000010_', '00000000100_', '00000001000_', '00000010000_', '00000100000_', '00000200000_', '00002000000_', '00010000000_', '00100000000_', '01000000000_', '10000000000_', '20000000000_', '30000000000_', '40000000000_']",3.2717179656620003,0.9699729756781104,0.5901281071102243,,,LR,0.5901281071102243
00000000200_,00000010000_,00000000200_ + 00000010000_,"['00000000000_', '00000000001_', '00000000010_', '00000000100_', '00000001000_', '00000100000_', '00000200000_', '00001000000_', '00002000000_', '00010000000_', '00100000000_', '01000000000_', '10000000000_', '20000000000_', '30000000000_', '40000000000_']",3.255196859512123,0.9092650468797259,0.5940278005701123,,,LR,0.5940278005701123
00001000000_,00100000000_,00001000000_ + 00100000000_,"['00000000000_', '00000000001_', '00000000010_', '00000000100_', '00000000200_', '00000001000_', '00000010000_', '00000100000_', '00000200000_', '00002000000_', '00010000000_', '01000000000_', '10000000000_', '20000000000_', '30000000000_', '40000000000_']",3.2522574787603302,0.8465473145780051,0.5889200280897067,,,LR,0.5889200280897067
00000000200_,00000100000_,00000000200_ + 00000100000_,"['00000000000_', '00000000001_', '00000000010_', '00000000100_', '00000001000_', '00000010000_', '00000200000_', '00001000000_', '00002000000_', '00010000000_', '00100000000_', '01000000000_', '10000000000_', '20000000000_', '30000000000_', '40000000000_']",3.251819371575315,0.7681217864704104,0.6052194098387244,,,LR,0.6052194098387244
00000000001_,00000000100_,00000000001_ + 00000000100_,"['00000000000_', '00000000010_', '00000000200_', '00000001000_', '00000010000_', '00000100000_', '00000200000_', '00001000000_', '00002000000_', '00010000000_', '00100000000_', '01000000000_', '10000000000_', '20000000000_', '30000000000_', '40000000000_']",3.2469697863189753,0.7898108297467721,0.5345782572785464,,,LR,0.5345782572785464
00000000001_,00100000000_,00000000001_ + 00100000000_,"['00000000000_', '00000000010_', '00000000100_', '00000000200_', '00000001000_', '00000010000_', '00000100000_', '00000200000_', '00001000000_', '00002000000_', '00010000000_', '01000000000_', '10000000000_', '20000000000_', '30000000000_', '40000000000_']",3.2398146114336246,0.9699729756781104,0.5768141555974589,,,LR,0.5768141555974589
00000100000_,10000000000_,00000100000_ + 10000000000_,"['00000000000_', '00000000001_', '00000000010_', '00000000100_', '00000000200_', '00000001000_', '00000010000_', '00000200000_', '00001000000_', '00002000000_', '00010000000_', '00100000000_', '01000000000_', '20000000000_', '30000000000_', '40000000000_']",3.2352078662302945,0.8860906625339016,0.5869509114123496,,,LR,0.5869509114123496
01000000000_,20000000000_,01000000000_ + 20000000000_,"['00000000000_', '00000000001_', '00000000010_', '00000000100_', '00000000200_', '00000001000_', '00000010000_', '00000100000_', '00000200000_', '00001000000_', '00002000000_', '00010000000_', '00100000000_', '10000000000_', '30000000000_', '40000000000_']",3.2346888180948117,0.8359519178013866,0.5936019160624642,,,LR,0.5936019160624642
00000000010_,00000010000_,00000000010_ + 00000010000_,"['00000000000_', '00000000001_', '00000000100_', '00000000200_', '00000001000_', '00000100000_', '00000200000_', '00001000000_', '00002000000_', '00010000000_', '00100000000_', '01000000000_', '10000000000_', '20000000000_', '30000000000_', '40000000000_']",3.2346177627131496,0.7291666666666667,0.5916949507049618,,,LR,0.5916949507049618
00000010000_,00001000000_,00000010000_ + 00001000000_,"['00000000000_', '00000000001_', '00000000010_', '00000000100_', '00000000200_', '00000001000_', '00000100000_', '00000200000_', '00002000000_', '00010000000_', '00100000000_', '01000000000_', '10000000000_', '20000000000_', '30000000000_', '40000000000_']",3.225480466840764,0.8999599839935974,0.6284403436530934,,,LR,0.6284403436530934
00002000000_,00100000000_,00002000000_ + 00100000000_,"['00000000000_', '00000000001_', '00000000010_', '00000000100_', '00000000200_', '00000001000_', '00000010000_', '00000100000_', '00000200000_', '00001000000_', '00010000000_', '01000000000_', '10000000000_', '20000000000_', '30000000000_', '40000000000_']",3.224623941863388,0.8487750781328763,0.6051611646703671,,,LR,0.6051611646703671
00000000001_,00000000200_,00000000001_ + 00000000200_,"['00000000000_', '00000000010_', '00000000100_', '00000001000_', '00000010000_', '00000100000_', '00000200000_', '00001000000_', '00002000000_', '00010000000_', '00100000000_', '01000000000_', '10000000000_', '20000000000_', '30000000000_', '40000000000_']",3.22038891638484,0.7699769976997699,0.6021866182990729,,,LR,0.6021866182990729
00000000200_,30000000000_,00000000200_ + 30000000000_,"['00000000000_', '00000000001_', '00000000010_', '00000000100_', '00000001000_', '00000010000_', '00000100000_', '00000200000_', '00001000000_', '00002000000_', '00010000000_', '00100000000_', '01000000000_', '10000000000_', '20000000000_', '40000000000_']",3.213643085339919,0.9351553869061915,0.6312648273027852,,,LR,0.6312648273027852
00000010000_,40000000000_,00000010000_ + 40000000000_,"['00000000000_', '00000000001_', '00000000010_', '00000000100_', '00000000200_', '00000001000_', '00000100000_', '00000200000_', '00001000000_', '00002000000_', '00010000000_', '00100000000_', '01000000000_', '10000000000_', '20000000000_', '30000000000_']",3.195300470643755,0.8119689864896236,0.6345922914757919,,,LR,0.6345922914757919
00000100000_,00001000000_,00000100000_ + 00001000000_,"['00000000000_', '00000000001_', '00000000010_', '00000000100_', '00000000200_', '00000001000_', '00000010000_', '00000200000_', '00002000000_', '00010000000_', '00100000000_', '01000000000_', '10000000000_', '20000000000_', '30000000000_', '40000000000_']",3.1940170267025185,0.9092650468797259,0.5848165040999651,,,LR,0.5848165040999651
00000000010_,00000000100_,00000000010_ + 00000000100_,"['00000000000_', '00000000001_', '00000000200_', '00000001000_', '00000010000_', '00000100000_', '00000200000_', '00001000000_', '00002000000_', '00010000000_', '00100000000_', '01000000000_', '10000000000_', '20000000000_', '30000000000_', '40000000000_']",3.179644938033528,0.9397832195905259,0.6144985441948441,,,LR,0.6144985441948441
00000000100_,00000001000_,00000000100_ + 00000001000_,"['00000000000_', '00000000001_', '00000000010_', '00000000200_', '00000010000_', '00000100000_', '00000200000_', '00001000000_', '00002000000_', '00010000000_', '00100000000_', '01000000000_', '10000000000_', '20000000000_', '30000000000_', '40000000000_']",3.1730597547229227,0.8795664391810518,0.6826288824593243,,,LR,0.6826288824593243
00000010000_,00002000000_,00000010000_ + 00002000000_,"['00000000000_', '00000000001_', '00000000010_', '00000000100_', '00000000200_', '00000001000_', '00000100000_', '00000200000_', '00001000000_', '00010000000_', '00100000000_', '01000000000_', '10000000000_', '20000000000_', '30000000000_', '40000000000_']",3.1667259571777464,0.9296553110240177,0.5815360074839437,,,LR,0.5815360074839437
00000100000_,30000000000_,00000100000_ + 30000000000_,"['00000000000_', '00000000001_', '00000000010_', '00000000100_', '00000000200_', '00000001000_', '00000010000_', '00000200000_', '00001000000_', '00002000000_', '00010000000_', '00100000000_', '01000000000_', '10000000000_', '20000000000_', '40000000000_']",3.1649129069455717,0.8742782641087725,0.531031102438306,,,LR,0.531031102438306
00100000000_,01000000000_,00100000000_ + 01000000000_,"['00000000000_', '00000000001_', '00000000010_', '00000000100_', '00000000200_', '00000001000_', '00000010000_', '00000100000_', '00000200000_', '00001000000_', '00002000000_', '00010000000_', '10000000000_', '20000000000_', '30000000000_', '40000000000_']",3.155170939917069,0.6736026111791106,0.569007406978693,,,LR,0.569007406978693
00000000100_,00001000000_,00000000100_ + 00001000000_,"['00000000000_', '00000000001_', '00000000010_', '00000000200_', '00000001000_', '00000010000_', '00000100000_', '00000200000_', '00002000000_', '00010000000_', '00100000000_', '01000000000_', '10000000000_', '20000000000_', '30000000000_', '40000000000_']",3.1543259871780824,0.8193496587715776,0.6642362334666011,,,LR,0.6642362334666011
00000000200_,00002000000_,00000000200_ + 00002000000_,"['00000000000_', '00000000001_', '00000000010_', '00000000100_', '00000001000_', '00000010000_', '00000100000_', '00000200000_', '00001000000_', '00010000000_', '00100000000_', '01000000000_', '10000000000_', '20000000000_', '30000000000_', '40000000000_']",3.149540881480251,0.8465473145780051,0.596591352810727,,,LR,0.596591352810727
00000000000_,30000000000_,00000000000_ + 30000000000_,"['00000000001_', '00000000010_', '00000000100_', '00000000200_', '00000001000_', '00000010000_', '00000100000_', '00000200000_', '00001000000_', '00002000000_', '00010000000_', '00100000000_', '01000000000_', '10000000000_', '20000000000_', '40000000000_']",3.1417995904805327,0.7066176470588235,0.6262099972042974,,,LR,0.6262099972042974
00000000200_,00000200000_,00000000200_ + 00000200000_,"['00000000000_', '00000000001_', '00000000010_', '00000000100_', '00000001000_', '00000010000_', '00000100000_', '00001000000_', '00002000000_', '00010000000_', '00100000000_', '01000000000_', '10000000000_', '20000000000_', '30000000000_', '40000000000_']",3.130489502109895,0.8782467532467533,0.6380306079213289,,,LR,0.6380306079213289
00000010000_,00000100000_,00000010000_ + 00000100000_,"['00000000000_', '00000000001_', '00000000010_', '00000000100_', '00000000200_', '00000001000_', '00000200000_', '00001000000_', '00002000000_', '00010000000_', '00100000000_', '01000000000_', '10000000000_', '20000000000_', '30000000000_', '40000000000_']",3.1280156477000323,0.9299929992999301,0.497632688262886,,,LR,0.497632688262886
00000200000_,20000000000_,00000200000_ + 20000000000_,"['00000000000_', '00000000001_', '00000000010_', '00000000100_', '00000000200_', '00000001000_', '00000010000_', '00000100000_', '00001000000_', '00002000000_', '00010000000_', '00100000000_', '01000000000_', '10000000000_', '30000000000_', '40000000000_']",3.1275475317765764,0.773015873015873,0.6317473030028633,,,LR,0.6317473030028633
00000000010_,00000001000_,00000000010_ + 00000001000_,"['00000000000_', '00000000001_', '00000000100_', '00000000200_', '00000010000_', '00000100000_', '00000200000_', '00001000000_', '00002000000_', '00010000000_', '00100000000_', '01000000000_', '10000000000_', '20000000000_', '30000000000_', '40000000000_']",3.1226324298453925,0.8465473145780051,0.6880514322765903,,,LR,0.6880514322765903
00000010000_,01000000000_,00000010000_ + 01000000000_,"['00000000000_', '00000000001_', '00000000010_', '00000000100_', '00000000200_', '00000001000_', '00000100000_', '00000200000_', '00001000000_', '00002000000_', '00010000000_', '00100000000_', '10000000000_', '20000000000_', '30000000000_', '40000000000_']",3.1186810892298737,0.8357963875205254,0.5104588014981273,,,LR,0.5104588014981273
00001000000_,01000000000_,00001000000_ + 01000000000_,"['00000000000_', '00000000001_', '00000000010_', '00000000100_', '00000000200_', '00000001000_', '00000010000_', '00000100000_', '00000200000_', '00002000000_', '00010000000_', '00100000000_', '10000000000_', '20000000000_', '30000000000_', '40000000000_']",3.1134492298242726,1.0,0.5381169717216393,,,LR,0.5381169717216393
00010000000_,20000000000_,00010000000_ + 20000000000_,"['00000000000_', '00000000001_', '00000000010_', '00000000100_', '00000000200_', '00000001000_', '00000010000_', '00000100000_', '00000200000_', '00001000000_', '00002000000_', '00100000000_', '01000000000_', '10000000000_', '30000000000_', '40000000000_']",3.1110154129923444,0.8471664435519857,0.5699711569276786,,,LR,0.5699711569276786
00000200000_,10000000000_,00000200000_ + 10000000000_,"['00000000000_', '00000000001_', '00000000010_', '00000000100_', '00000000200_', '00000001000_', '00000010000_', '00000100000_', '00001000000_', '00002000000_', '00010000000_', '00100000000_', '01000000000_', '20000000000_', '30000000000_', '40000000000_']",3.110013302398226,0.7618185284025925,0.6750913520097442,,,LR,0.6750913520097442
00000000001_,00001000000_,00000000001_ + 00001000000_,"['00000000000_', '00000000010_', '00000000100_', '00000000200_', '00000001000_', '00000010000_', '00000100000_', '00000200000_', '00002000000_', '00010000000_', '00100000000_', '01000000000_', '10000000000_', '20000000000_', '30000000000_', '40000000000_']",3.10581219108956,1.0,0.5694804194727189,,,LR,0.5694804194727189
01000000000_,30000000000_,01000000000_ + 30000000000_,"['00000000000_', '00000000001_', '00000000010_', '00000000100_', '00000000200_', '00000001000_', '00000010000_', '00000100000_', '00000200000_', '00001000000_', '00002000000_', '00010000000_', '00100000000_', '10000000000_', '20000000000_', '40000000000_']",3.100842779778073,0.8545639226187728,0.5335419166809532,,,LR,0.5335419166809532
00000000001_,30000000000_,00000000001_ + 30000000000_,"['00000000000_', '00000000010_', '00000000100_', '00000000200_', '00000001000_', '00000010000_', '00000100000_', '00000200000_', '00001000000_', '00002000000_', '00010000000_', '00100000000_', '01000000000_', '10000000000_', '20000000000_', '40000000000_']",3.09896657582248,0.9145136778115501,0.5523646071700992,,,LR,0.5523646071700992
00000000001_,10000000000_,00000000001_ + 10000000000_,"['00000000000_', '00000000010_', '00000000100_', '00000000200_', '00000001000_', '00000010000_', '00000100000_', '00000200000_', '00001000000_', '00002000000_', '00010000000_', '00100000000_', '01000000000_', '20000000000_', '30000000000_', '40000000000_']",3.0814387935029814,0.9557406663990365,0.6420321111909897,,,LR,0.6420321111909897
00002000000_,10000000000_,00002000000_ + 10000000000_,"['00000000000_', '00000000001_', '00000000010_', '00000000100_', '00000000200_', '00000001000_', '00000010000_', '00000100000_', '00000200000_', '00001000000_', '00010000000_', '00100000000_', '01000000000_', '20000000000_', '30000000000_', '40000000000_']",3.0710653077367,0.9769218692762572,0.6547425866898484,,,LR,0.6547425866898484
00000200000_,00001000000_,00000200000_ + 00001000000_,"['00000000000_', '00000000001_', '00000000010_', '00000000100_', '00000000200_', '00000001000_', '00000010000_', '00000100000_', '00002000000_', '00010000000_', '00100000000_', '01000000000_', '10000000000_', '20000000000_', '30000000000_', '40000000000_']",3.0615936073522922,0.7457023700539112,0.633243040806066,,,LR,0.633243040806066
00000000001_,00000001000_,00000000001_ + 00000001000_,"['00000000000_', '00000000010_', '00000000100_', '00000000200_', '00000010000_', '00000100000_', '00000200000_', '00001000000_', '00002000000_', '00010000000_', '00100000000_', '01000000000_', '10000000000_', '20000000000_', '30000000000_', '40000000000_']",3.0571239047158505,0.9092650468797259,0.6787379884689302,,,LR,0.6787379884689302
00000000010_,00002000000_,00000000010_ + 00002000000_,"['00000000000_', '00000000001_', '00000000100_', '00000000200_', '00000001000_', '00000010000_', '00000100000_', '00000200000_', '00001000000_', '00010000000_', '00100000000_', '01000000000_', '10000000000_', '20000000000_', '30000000000_', '40000000000_']",3.0524729526213834,0.9599358974358975,0.6118690519807799,,,LR,0.6118690519807799
00000000010_,00100000000_,00000000010_ + 00100000000_,"['00000000000_', '00000000001_', '00000000100_', '00000000200_', '00000001000_', '00000010000_', '00000100000_', '00000200000_', '00001000000_', '00002000000_', '00010000000_', '01000000000_', '10000000000_', '20000000000_', '30000000000_', '40000000000_']",3.0473180921483416,0.9699729756781104,0.6135649241730355,,,LR,0.6135649241730355
00000010000_,30000000000_,00000010000_ + 30000000000_,"['00000000000_', '00000000001_', '00000000010_', '00000000100_', '00000000200_', '00000001000_', '00000100000_', '00000200000_', '00001000000_', '00002000000_', '00010000000_', '00100000000_', '01000000000_', '10000000000_', '20000000000_', '40000000000_']",3.0460621829236345,0.8545639226187728,0.6282807437979852,,,LR,0.6282807437979852
00000010000_,00000200000_,00000010000_ + 00000200000_,"['00000000000_', '00000000001_', '00000000010_', '00000000100_', '00000000200_', '00000001000_', '00000100000_', '00001000000_', '00002000000_', '00010000000_', '00100000000_', '01000000000_', '10000000000_', '20000000000_', '30000000000_', '40000000000_']",3.0361309183292726,0.92,0.5787948756144794,,,LR,0.5787948756144794
00000000100_,00000000200_,00000000100_ + 00000000200_,"['00000000000_', '00000000001_', '00000000010_', '00000001000_', '00000010000_', '00000100000_', '00000200000_', '00001000000_', '00002000000_', '00010000000_', '00100000000_', '01000000000_', '10000000000_', '20000000000_', '30000000000_', '40000000000_']",3.0266387000631068,0.7999199679871949,0.6012753595236087,,,LR,0.6012753595236087
00000000001_,20000000000_,00000000001_ + 20000000000_,"['00000000000_', '00000000010_', '00000000100_', '00000000200_', '00000001000_', '00000010000_', '00000100000_', '00000200000_', '00001000000_', '00002000000_', '00010000000_', '00100000000_', '01000000000_', '10000000000_', '30000000000_', '40000000000_']",3.025141825425245,0.8532430213464697,0.5561603978918209,,,LR,0.5561603978918209
00000000200_,00100000000_,00000000200_ + 00100000000_,"['00000000000_', '00000000001_', '00000000010_', '00000000100_', '00000001000_', '00000010000_', '00000100000_', '00000200000_', '00001000000_', '00002000000_', '00010000000_', '01000000000_', '10000000000_', '20000000000_', '30000000000_', '40000000000_']",3.0224323710122123,0.9599358974358975,0.6010843461658717,,,LR,0.6010843461658717
00000000200_,01000000000_,00000000200_ + 01000000000_,"['00000000000_', '00000000001_', '00000000010_', '00000000100_', '00000001000_', '00000010000_', '00000100000_', '00000200000_', '00001000000_', '00002000000_', '00010000000_', '00100000000_', '10000000000_', '20000000000_', '30000000000_', '40000000000_']",3.015820890256985,0.8357963875205254,0.5804683195592286,,,LR,0.5804683195592286
00000200000_,00010000000_,00000200000_ + 00010000000_,"['00000000000_', '00000000001_', '00000000010_', '00000000100_', '00000000200_', '00000001000_', '00000010000_', '00000100000_', '00001000000_', '00002000000_', '00100000000_', '01000000000_', '10000000000_', '20000000000_', '30000000000_', '40000000000_']",3.0117279269630646,0.6121768140116763,0.6836165371674776,,,LR,0.6836165371674776
00000000000_,20000000000_,00000000000_ + 20000000000_,"['00000000001_', '00000000010_', '00000000100_', '00000000200_', '00000001000_', '00000010000_', '00000100000_', '00000200000_', '00001000000_', '00002000000_', '00010000000_', '00100000000_', '01000000000_', '10000000000_', '30000000000_', '40000000000_']",2.9956774576694247,0.7175679462034183,0.5636226530102311,,,LR,0.5636226530102311
00000000100_,20000000000_,00000000100_ + 20000000000_,"['00000000000_', '00000000001_', '00000000010_', '00000000200_', '00000001000_', '00000010000_', '00000100000_', '00000200000_', '00001000000_', '00002000000_', '00010000000_', '00100000000_', '01000000000_', '10000000000_', '30000000000_', '40000000000_']",2.9913198807049994,0.9119458128078818,0.5689784805633908,,,LR,0.5689784805633908
00000000001_,00000100000_,00000000001_ + 00000100000_,"['00000000000_', '00000000010_', '00000000100_', '00000000200_', '00000001000_', '00000010000_', '00000200000_', '00001000000_', '00002000000_', '00010000000_', '00100000000_', '01000000000_', '10000000000_', '20000000000_', '30000000000_', '40000000000_']",2.983545524112983,0.9599358974358975,0.47928410652749837,,,LR,0.47928410652749837
00000100000_,00010000000_,00000100000_ + 00010000000_,"['00000000000_', '00000000001_', '00000000010_', '00000000100_', '00000000200_', '00000001000_', '00000010000_', '00000200000_', '00001000000_', '00002000000_', '00100000000_', '01000000000_', '10000000000_', '20000000000_', '30000000000_', '40000000000_']",2.9697951946911902,0.8705936920222634,0.5853277541117832,,,LR,0.5853277541117832
00000100000_,00100000000_,00000100000_ + 00100000000_,"['00000000000_', '00000000001_', '00000000010_', '00000000100_', '00000000200_', '00000001000_', '00000010000_', '00000200000_', '00001000000_', '00002000000_', '00010000000_', '01000000000_', '10000000000_', '20000000000_', '30000000000_', '40000000000_']",2.9638703369927337,0.8782467532467533,0.5409571436450884,,,LR,0.5409571436450884
00000000010_,10000000000_,00000000010_ + 10000000000_,"['00000000000_', '00000000001_', '00000000100_', '00000000200_', '00000001000_', '00000010000_', '00000100000_', '00000200000_', '00001000000_', '00002000000_', '00010000000_', '00100000000_', '01000000000_', '20000000000_', '30000000000_', '40000000000_']",2.9385397034013203,1.0,0.6787516002086198,,,LR,0.6787516002086198
00000000010_,00000000200_,00000000010_ + 00000000200_,"['00000000000_', '00000000001_', '00000000100_', '00000001000_', '00000010000_', '00000100000_', '00000200000_', '00001000000_', '00002000000_', '00010000000_', '00100000000_', '01000000000_', '10000000000_', '20000000000_', '30000000000_', '40000000000_']",2.93756947404392,0.9699729756781104,0.6573614740665279,,,LR,0.6573614740665279
00000000010_,00001000000_,00000000010_ + 00001000000_,"['00000000000_', '00000000001_', '00000000100_', '00000000200_', '00000001000_', '00000010000_', '00000100000_', '00000200000_', '00002000000_', '00010000000_', '00100000000_', '01000000000_', '10000000000_', '20000000000_', '30000000000_', '40000000000_']",2.9364821543307187,1.0,0.5813958290315919,,,LR,0.5813958290315919
00010000000_,00100000000_,00010000000_ + 00100000000_,"['00000000000_', '00000000001_', '00000000010_', '00000000100_', '00000000200_', '00000001000_', '00000010000_', '00000100000_', '00000200000_', '00001000000_', '00002000000_', '01000000000_', '10000000000_', '20000000000_', '30000000000_', '40000000000_']",2.93589566864244,0.7763679619349723,0.6147914394057451,,,LR,0.6147914394057451
00010000000_,01000000000_,00010000000_ + 01000000000_,"['00000000000_', '00000000001_', '00000000010_', '00000000100_', '00000000200_', '00000001000_', '00000010000_', '00000100000_', '00000200000_', '00001000000_', '00002000000_', '00100000000_', '10000000000_', '20000000000_', '30000000000_', '40000000000_']",2.9344775776765966,0.9677898343803542,0.5514601061678396,,,LR,0.5514601061678396
00100000000_,10000000000_,00100000000_ + 10000000000_,"['00000000000_', '00000000001_', '00000000010_', '00000000100_', '00000000200_', '00000001000_', '00000010000_', '00000100000_', '00000200000_', '00001000000_', '00002000000_', '00010000000_', '01000000000_', '20000000000_', '30000000000_', '40000000000_']",2.9235012207544577,0.9690656565656566,0.590094138462135,,,LR,0.590094138462135
00000000000_,00000200000_,00000000000_ + 00000200000_,"['00000000001_', '00000000010_', '00000000100_', '00000000200_', '00000001000_', '00000010000_', '00000100000_', '00001000000_', '00002000000_', '00010000000_', '00100000000_', '01000000000_', '10000000000_', '20000000000_', '30000000000_', '40000000000_']",2.9172172089392987,0.8786549707602339,0.6007988270387785,,,LR,0.6007988270387785
00000100000_,00002000000_,00000100000_ + 00002000000_,"['00000000000_', '00000000001_', '00000000010_', '00000000100_', '00000000200_', '00000001000_', '00000010000_', '00000200000_', '00001000000_', '00010000000_', '00100000000_', '01000000000_', '10000000000_', '20000000000_', '30000000000_', '40000000000_']",2.911891682519162,0.9699729756781104,0.5571879150066401,,,LR,0.5571879150066401
00100000000_,40000000000_,00100000000_ + 40000000000_,"['00000000000_', '00000000001_', '00000000010_', '00000000100_', '00000000200_', '00000001000_', '00000010000_', '00000100000_', '00000200000_', '00001000000_', '00002000000_', '00010000000_', '01000000000_', '10000000000_', '20000000000_', '30000000000_']",2.9095375226197544,0.7484020127838977,0.595496983682628,,,LR,0.595496983682628
00001000000_,00010000000_,00001000000_ + 00010000000_,"['00000000000_', '00000000001_', '00000000010_', '00000000100_', '00000000200_', '00000001000_', '00000010000_', '00000100000_', '00000200000_', '00002000000_', '00100000000_', '01000000000_', '10000000000_', '20000000000_', '30000000000_', '40000000000_']",2.89422185648966,0.8923611111111112,0.6143485879886063,,,LR,0.6143485879886063
00000001000_,00002000000_,00000001000_ + 00002000000_,"['00000000000_', '00000000001_', '00000000010_', '00000000100_', '00000000200_', '00000010000_', '00000100000_', '00000200000_', '00001000000_', '00010000000_', '00100000000_', '01000000000_', '10000000000_', '20000000000_', '30000000000_', '40000000000_']",2.891505223083661,0.9699729756781104,0.7259989978704747,,,LR,0.7259989978704747
00000000010_,00000100000_,00000000010_ + 00000100000_,"['00000000000_', '00000000001_', '00000000100_', '00000000200_', '00000001000_', '00000010000_', '00000200000_', '00001000000_', '00002000000_', '00010000000_', '00100000000_', '01000000000_', '10000000000_', '20000000000_', '30000000000_', '40000000000_']",2.874050079076958,0.94,0.5817945977966813,,,LR,0.5817945977966813
00000000001_,00000200000_,00000000001_ + 00000200000_,"['00000000000_', '00000000010_', '00000000100_', '00000000200_', '00000001000_', '00000010000_', '00000100000_', '00001000000_', '00002000000_', '00010000000_', '00100000000_', '01000000000_', '10000000000_', '20000000000_', '30000000000_', '40000000000_']",2.8697087252946227,0.9599358974358975,0.5761668321747766,,,LR,0.5761668321747766
00000000000_,40000000000_,00000000000_ + 40000000000_,"['00000000001_', '00000000010_', '00000000100_', '00000000200_', '00000001000_', '00000010000_', '00000100000_', '00000200000_', '00001000000_', '00002000000_', '00010000000_', '00100000000_', '01000000000_', '10000000000_', '20000000000_', '30000000000_']",2.8691678031240664,0.7461988304093568,0.5643632186453346,,,LR,0.5643632186453346
00000200000_,00100000000_,00000200000_ + 00100000000_,"['00000000000_', '00000000001_', '00000000010_', '00000000100_', '00000000200_', '00000001000_', '00000010000_', '00000100000_', '00001000000_', '00002000000_', '00010000000_', '01000000000_', '10000000000_', '20000000000_', '30000000000_', '40000000000_']",2.8676700247846627,0.7882851093860268,0.5407687096165412,,,LR,0.5407687096165412
00000000010_,20000000000_,00000000010_ + 20000000000_,"['00000000000_', '00000000001_', '00000000100_', '00000000200_', '00000001000_', '00000010000_', '00000100000_', '00000200000_', '00001000000_', '00002000000_', '00010000000_', '00100000000_', '01000000000_', '10000000000_', '30000000000_', '40000000000_']",2.865514977808044,0.8610159087421352,0.6074097135740971,,,LR,0.6074097135740971
00000000000_,00010000000_,00000000000_ + 00010000000_,"['00000000001_', '00000000010_', '00000000100_', '00000000200_', '00000001000_', '00000010000_', '00000100000_', '00000200000_', '00001000000_', '00002000000_', '00100000000_', '01000000000_', '10000000000_', '20000000000_', '30000000000_', '40000000000_']",2.8599286362441516,0.8393234672304439,0.5550793292728777,,,LR,0.5550793292728777
00010000000_,30000000000_,00010000000_ + 30000000000_,"['00000000000_', '00000000001_', '00000000010_', '00000000100_', '00000000200_', '00000001000_', '00000010000_', '00000100000_', '00000200000_', '00001000000_', '00002000000_', '00100000000_', '01000000000_', '10000000000_', '20000000000_', '40000000000_']",2.855772181356673,0.8656437901720921,0.6376796586004931,,,LR,0.6376796586004931
00000000000_,10000000000_,00000000000_ + 10000000000_,"['00000000001_', '00000000010_', '00000000100_', '00000000200_', '00000001000_', '00000010000_', '00000100000_', '00000200000_', '00001000000_', '00002000000_', '00010000000_', '00100000000_', '01000000000_', '20000000000_', '30000000000_', '40000000000_']",2.842172756478797,0.7010316052303043,0.6194623976888668,,,LR,0.6194623976888668
00000000001_,01000000000_,00000000001_ + 01000000000_,"['00000000000_', '00000000010_', '00000000100_', '00000000200_', '00000001000_', '00000010000_', '00000100000_', '00000200000_', '00001000000_', '00002000000_', '00010000000_', '00100000000_', '10000000000_', '20000000000_', '30000000000_', '40000000000_']",2.82087984330405,0.9699729756781104,0.5197626841243862,,,LR,0.5197626841243862
00000000200_,00010000000_,00000000200_ + 00010000000_,"['00000000000_', '00000000001_', '00000000010_', '00000000100_', '00000001000_', '00000010000_', '00000100000_', '00000200000_', '00001000000_', '00002000000_', '00100000000_', '01000000000_', '10000000000_', '20000000000_', '30000000000_', '40000000000_']",2.8187212410446216,0.9134883720930232,0.6283900685316257,,,LR,0.6283900685316257
00002000000_,00010000000_,00002000000_ + 00010000000_,"['00000000000_', '00000000001_', '00000000010_', '00000000100_', '00000000200_', '00000001000_', '00000010000_', '00000100000_', '00000200000_', '00001000000_', '00100000000_', '01000000000_', '10000000000_', '20000000000_', '30000000000_', '40000000000_']",2.8154613870236007,0.902093812141771,0.6005156017671662,,,LR,0.6005156017671662
00000000000_,00000000200_,00000000000_ + 00000000200_,"['00000000001_', '00000000010_', '00000000100_', '00000001000_', '00000010000_', '00000100000_', '00000200000_', '00001000000_', '00002000000_', '00010000000_', '00100000000_', '01000000000_', '10000000000_', '20000000000_', '30000000000_', '40000000000_']",2.8027450628818045,0.8528368794326242,0.5641740009712548,,,LR,0.5641740009712548
00000001000_,00001000000_,00000001000_ + 00001000000_,"['00000000000_', '00000000001_', '00000000010_', '00000000100_', '00000000200_', '00000010000_', '00000100000_', '00000200000_', '00002000000_', '00010000000_', '00100000000_', '01000000000_', '10000000000_', '20000000000_', '30000000000_', '40000000000_']",2.7943868304872503,0.8782467532467533,0.6990271013226703,,,LR,0.6990271013226703
00000001000_,00100000000_,00000001000_ + 00100000000_,"['00000000000_', '00000000001_', '00000000010_', '00000000100_', '00000000200_', '00000010000_', '00000100000_', '00000200000_', '00001000000_', '00002000000_', '00010000000_', '01000000000_', '10000000000_', '20000000000_', '30000000000_', '40000000000_']",2.7933023680343565,0.9699729756781104,0.6916706717992254,,,LR,0.6916706717992254
00000000100_,00000100000_,00000000100_ + 00000100000_,"['00000000000_', '00000000001_', '00000000010_', '00000000200_', '00000001000_', '00000010000_', '00000200000_', '00001000000_', '00002000000_', '00010000000_', '00100000000_', '01000000000_', '10000000000_', '20000000000_', '30000000000_', '40000000000_']",2.784399222935074,0.9699729756781104,0.45480704585182197,,,LR,0.45480704585182197
00000001000_,00000010000_,00000001000_ + 00000010000_,"['00000000000_', '00000000001_', '00000000010_', '00000000100_', '00000000200_', '00000100000_', '00000200000_', '00001000000_', '00002000000_', '00010000000_', '00100000000_', '01000000000_', '10000000000_', '20000000000_', '30000000000_', '40000000000_']",2.7775752543199235,0.9699729756781104,0.6190484835281872,,,LR,0.6190484835281872
00000000010_,40000000000_,00000000010_ + 40000000000_,"['00000000000_', '00000000001_', '00000000100_', '00000000200_', '00000001000_', '00000010000_', '00000100000_', '00000200000_', '00001000000_', '00002000000_', '00010000000_', '00100000000_', '01000000000_', '10000000000_', '20000000000_', '30000000000_']",2.77212059021379,0.8809023399187333,0.6101877543470219,,,LR,0.6101877543470219
00000000001_,40000000000_,00000000001_ + 40000000000_,"['00000000000_', '00000000010_', '00000000100_', '00000000200_', '00000001000_', '00000010000_', '00000100000_', '00000200000_', '00001000000_', '00002000000_', '00010000000_', '00100000000_', '01000000000_', '10000000000_', '20000000000_', '30000000000_']",2.771694679487435,0.7501238125253253,0.5500291781783698,,,LR,0.5500291781783698
00000000000_,00001000000_,00000000000_ + 00001000000_,"['00000000001_', '00000000010_', '00000000100_', '00000000200_', '00000001000_', '00000010000_', '00000100000_', '00000200000_', '00002000000_', '00010000000_', '00100000000_', '01000000000_', '10000000000_', '20000000000_', '30000000000_', '40000000000_']",2.768802082102227,0.9616273693943597,0.49840129475387834,,,LR,0.49840129475387834
00000200000_,00002000000_,00000200000_ + 00002000000_,"['00000000000_', '00000000001_', '00000000010_', '00000000100_', '00000000200_', '00000001000_', '00000010000_', '00000100000_', '00001000000_', '00010000000_', '00100000000_', '01000000000_', '10000000000_', '20000000000_', '30000000000_', '40000000000_']",2.7681261865386446,0.9296553110240177,0.5976604498272322,,,LR,0.5976604498272322
00000000010_,00000200000_,00000000010_ + 00000200000_,"['00000000000_', '00000000001_', '00000000100_', '00000000200_', '00000001000_', '00000010000_', '00000100000_', '00001000000_', '00002000000_', '00010000000_', '00100000000_', '01000000000_', '10000000000_', '20000000000_', '30000000000_', '40000000000_']",2.765094326716394,1.0,0.6015378734415431,,,LR,0.6015378734415431
00000000000_,00000010000_,00000000000_ + 00000010000_,"['00000000001_', '00000000010_', '00000000100_', '00000000200_', '00000001000_', '00000100000_', '00000200000_', '00001000000_', '00002000000_', '00010000000_', '00100000000_', '01000000000_', '10000000000_', '20000000000_', '30000000000_', '40000000000_']",2.7632284713964337,0.9245454545454546,0.5067455375674554,,,LR,0.5067455375674554
00000000100_,00010000000_,00000000100_ + 00010000000_,"['00000000000_', '00000000001_', '00000000010_', '00000000200_', '00000001000_', '00000010000_', '00000100000_', '00000200000_', '00001000000_', '00002000000_', '00100000000_', '01000000000_', '10000000000_', '20000000000_', '30000000000_', '40000000000_']",2.762690717984913,0.9676821498899572,0.6122696555316524,,,LR,0.6122696555316524
00000000200_,00000001000_,00000000200_ + 00000001000_,"['00000000000_', '00000000001_', '00000000010_', '00000000100_', '00000010000_', '00000100000_', '00000200000_', '00001000000_', '00002000000_', '00010000000_', '00100000000_', '01000000000_', '10000000000_', '20000000000_', '30000000000_', '40000000000_']",2.75504795853213,0.8492613807657522,0.7430625836708232,,,LR,0.7430625836708232
00002000000_,40000000000_,00002000000_ + 40000000000_,"['00000000000_', '00000000001_', '00000000010_', '00000000100_', '00000000200_', '00000001000_', '00000010000_', '00000100000_', '00000200000_', '00001000000_', '00010000000_', '00100000000_', '01000000000_', '10000000000_', '20000000000_', '30000000000_']",2.735489287351261,0.7316156736446592,0.6076442214098765,,,LR,0.6076442214098765
00000000100_,01000000000_,00000000100_ + 01000000000_,"['00000000000_', '00000000001_', '00000000010_', '00000000200_', '00000001000_', '00000010000_', '00000100000_', '00000200000_', '00001000000_', '00002000000_', '00010000000_', '00100000000_', '10000000000_', '20000000000_', '30000000000_', '40000000000_']",2.734347404424119,1.0,0.5031752128208096,,,LR,0.5031752128208096
00002000000_,01000000000_,00002000000_ + 01000000000_,"['00000000000_', '00000000001_', '00000000010_', '00000000100_', '00000000200_', '00000001000_', '00000010000_', '00000100000_', '00000200000_', '00001000000_', '00010000000_', '00100000000_', '10000000000_', '20000000000_', '30000000000_', '40000000000_']",2.726788412570653,0.9397832195905259,0.5047990520391034,,,LR,0.5047990520391034
00000000001_,00010000000_,00000000001_ + 00010000000_,"['00000000000_', '00000000010_', '00000000100_', '00000000200_', '00000001000_', '00000010000_', '00000100000_', '00000200000_', '00001000000_', '00002000000_', '00100000000_', '01000000000_', '10000000000_', '20000000000_', '30000000000_', '40000000000_']",2.718055253579609,1.0,0.6150017355180282,,,LR,0.6150017355180282
00000010000_,00010000000_,00000010000_ + 00010000000_,"['00000000000_', '00000000001_', '00000000010_', '00000000100_', '00000000200_', '00000001000_', '00000100000_', '00000200000_', '00001000000_', '00002000000_', '00100000000_', '01000000000_', '10000000000_', '20000000000_', '30000000000_', '40000000000_']",2.715003575103468,0.849444958371878,0.5901894567553299,,,LR,0.5901894567553299
00000000010_,01000000000_,00000000010_ + 01000000000_,"['00000000000_', '00000000001_', '00000000100_', '00000000200_', '00000001000_', '00000010000_', '00000100000_', '00000200000_', '00001000000_', '00002000000_', '00010000000_', '00100000000_', '10000000000_', '20000000000_', '30000000000_', '40000000000_']",2.7144978052723654,1.0,0.5210263592616533,,,LR,0.5210263592616533
00000000100_,00000200000_,00000000100_ + 00000200000_,"['00000000000_', '00000000001_', '00000000010_', '00000000200_', '00000001000_', '00000010000_', '00000100000_', '00001000000_', '00002000000_', '00010000000_', '00100000000_', '01000000000_', '10000000000_', '20000000000_', '30000000000_', '40000000000_']",2.691969848950575,0.9699729756781104,0.5187874614626207,,,LR,0.5187874614626207
00000000100_,40000000000_,00000000100_ + 40000000000_,"['00000000000_', '00000000001_', '00000000010_', '00000000200_', '00000001000_', '00000010000_', '00000100000_', '00000200000_', '00001000000_', '00002000000_', '00010000000_', '00100000000_', '01000000000_', '10000000000_', '20000000000_', '30000000000_']",2.6791438823354876,0.7707246898039921,0.6796035382937334,,,LR,0.6796035382937334
00000000010_,00010000000_,00000000010_ + 00010000000_,"['00000000000_', '00000000001_', '00000000100_', '00000000200_', '00000001000_', '00000010000_', '00000100000_', '00000200000_', '00001000000_', '00002000000_', '00100000000_', '01000000000_', '10000000000_', '20000000000_', '30000000000_', '40000000000_']",2.6381396356509987,1.0,0.6363206561775021,,,LR,0.6363206561775021
00000000000_,00100000000_,00000000000_ + 00100000000_,"['00000000001_', '00000000010_', '00000000100_', '00000000200_', '00000001000_', '00000010000_', '00000100000_', '00000200000_', '00001000000_', '00002000000_', '00010000000_', '01000000000_', '10000000000_', '20000000000_', '30000000000_', '40000000000_']",2.622085105588168,0.7446153846153847,0.538998544660724,,,LR,0.538998544660724
00000000000_,00000000001_,00000000000_ + 00000000001_,"['00000000010_', '00000000100_', '00000000200_', '00000001000_', '00000010000_', '00000100000_', '00000200000_', '00001000000_', '00002000000_', '00010000000_', '00100000000_', '01000000000_', '10000000000_', '20000000000_', '30000000000_', '40000000000_']",2.614034916652602,0.8848821081830791,0.4852778516724305,,,LR,0.4852778516724305
00000001000_,00000100000_,00000001000_ + 00000100000_,"['00000000000_', '00000000001_', '00000000010_', '00000000100_', '00000000200_', '00000010000_', '00000200000_', '00001000000_', '00002000000_', '00010000000_', '00100000000_', '01000000000_', '10000000000_', '20000000000_', '30000000000_', '40000000000_']",2.5910113750584833,1.0,0.5695307778148231,,,LR,0.5695307778148231
00000000100_,10000000000_,00000000100_ + 10000000000_,"['00000000000_', '00000000001_', '00000000010_', '00000000200_', '00000001000_', '00000010000_', '00000100000_', '00000200000_', '00001000000_', '00002000000_', '00010000000_', '00100000000_', '01000000000_', '20000000000_', '30000000000_', '40000000000_']",2.5851338053489306,1.0,0.6303464419475655,,,LR,0.6303464419475655
00000000000_,00000000010_,00000000000_ + 00000000010_,"['00000000001_', '00000000100_', '00000000200_', '00000001000_', '00000010000_', '00000100000_', '00000200000_', '00001000000_', '00002000000_', '00010000000_', '00100000000_', '01000000000_', '10000000000_', '20000000000_', '30000000000_', '40000000000_']",2.5764556392452187,0.8315378610460578,0.5404865533513539,,,LR,0.5404865533513539
00000000000_,01000000000_,00000000000_ + 01000000000_,"['00000000001_', '00000000010_', '00000000100_', '00000000200_', '00000001000_', '00000010000_', '00000100000_', '00000200000_', '00001000000_', '00002000000_', '00010000000_', '00100000000_', '10000000000_', '20000000000_', '30000000000_', '40000000000_']",2.574984345468209,0.691970310391363,0.5192475570949846,,,LR,0.5192475570949846
00000010000_,10000000000_,00000010000_ + 10000000000_,"['00000000000_', '00000000001_', '00000000010_', '00000000100_', '00000000200_', '00000001000_', '00000100000_', '00000200000_', '00001000000_', '00002000000_', '00010000000_', '00100000000_', '01000000000_', '20000000000_', '30000000000_', '40000000000_']",2.5707303663879513,0.9144670722031208,0.59475237887306,,,LR,0.59475237887306
00000001000_,00000200000_,00000001000_ + 00000200000_,"['00000000000_', '00000000001_', '00000000010_', '00000000100_', '00000000200_', '00000010000_', '00000100000_', '00001000000_', '00002000000_', '00010000000_', '00100000000_', '01000000000_', '10000000000_', '20000000000_', '30000000000_', '40000000000_']",2.5703843576251244,0.9296553110240177,0.6517727340157247,,,LR,0.6517727340157247
00002000000_,20000000000_,00002000000_ + 20000000000_,"['00000000000_', '00000000001_', '00000000010_', '00000000100_', '00000000200_', '00000001000_', '00000010000_', '00000100000_', '00000200000_', '00001000000_', '00010000000_', '00100000000_', '01000000000_', '10000000000_', '30000000000_', '40000000000_']",2.5680897653131,0.8888197791945265,0.6561098727098154,,,LR,0.6561098727098154
00000001000_,00010000000_,00000001000_ + 00010000000_,"['00000000000_', '00000000001_', '00000000010_', '00000000100_', '00000000200_', '00000010000_', '00000100000_', '00000200000_', '00001000000_', '00002000000_', '00100000000_', '01000000000_', '10000000000_', '20000000000_', '30000000000_', '40000000000_']",2.562492064803088,1.0,0.7339499231326857,,,LR,0.7339499231326857
00000000100_,30000000000_,00000000100_ + 30000000000_,"['00000000000_', '00000000001_', '00000000010_', '00000000200_', '00000001000_', '00000010000_', '00000100000_', '00000200000_', '00001000000_', '00002000000_', '00010000000_', '00100000000_', '01000000000_', '10000000000_', '20000000000_', '40000000000_']",2.546002567495924,0.9562341956817739,0.5489946773369233,,,LR,0.5489946773369233
00000001000_,01000000000_,00000001000_ + 01000000000_,"['00000000000_', '00000000001_', '00000000010_', '00000000100_', '00000000200_', '00000010000_', '00000100000_', '00000200000_', '00001000000_', '00002000000_', '00010000000_', '00100000000_', '10000000000_', '20000000000_', '30000000000_', '40000000000_']",2.5017697250012056,1.0,0.6221522722801495,,,LR,0.6221522722801495
00000000000_,00002000000_,00000000000_ + 00002000000_,"['00000000001_', '00000000010_', '00000000100_', '00000000200_', '00000001000_', '00000010000_', '00000100000_', '00000200000_', '00001000000_', '00010000000_', '00100000000_', '01000000000_', '10000000000_', '20000000000_', '30000000000_', '40000000000_']",2.4852619552250124,0.9627969520394442,0.5635298225135746,,,LR,0.5635298225135746
01000000000_,10000000000_,01000000000_ + 10000000000_,"['00000000000_', '00000000001_', '00000000010_', '00000000100_', '00000000200_', '00000001000_', '00000010000_', '00000100000_', '00000200000_', '00001000000_', '00002000000_', '00010000000_', '00100000000_', '20000000000_', '30000000000_', '40000000000_']",2.479504841610818,0.8591954022988506,0.6291395546215091,,,LR,0.6291395546215091
00100000000_,20000000000_,00100000000_ + 20000000000_,"['00000000000_', '00000000001_', '00000000010_', '00000000100_', '00000000200_', '00000001000_', '00000010000_', '00000100000_', '00000200000_', '00001000000_', '00002000000_', '00010000000_', '01000000000_', '10000000000_', '30000000000_', '40000000000_']",2.3914326628913876,0.6795159121470192,0.6196305841924399,,,LR,0.6196305841924399
00000000000_,00000001000_,00000000000_ + 00000001000_,"['00000000001_', '00000000010_', '00000000100_', '00000000200_', '00000010000_', '00000100000_', '00000200000_', '00001000000_', '00002000000_', '00010000000_', '00100000000_', '01000000000_', '10000000000_', '20000000000_', '30000000000_', '40000000000_']",2.374340019210912,0.9616273693943597,0.6343945442448437,,,LR,0.6343945442448437
00000001000_,30000000000_,00000001000_ + 30000000000_,"['00000000000_', '00000000001_', '00000000010_', '00000000100_', '00000000200_', '00000010000_', '00000100000_', '00000200000_', '00001000000_', '00002000000_', '00010000000_', '00100000000_', '01000000000_', '10000000000_', '20000000000_', '40000000000_']",2.1811694857412065,0.977822680005914,0.6192148760330578,,,LR,0.6192148760330578
00000001000_,10000000000_,00000001000_ + 10000000000_,"['00000000000_', '00000000001_', '00000000010_', '00000000100_', '00000000200_', '00000010000_', '00000100000_', '00000200000_', '00001000000_', '00002000000_', '00010000000_', '00100000000_', '01000000000_', '20000000000_', '30000000000_', '40000000000_']",1.873150371998551,1.0,0.7683913489620333,,,LR,0.7683913489620333
00000001000_,20000000000_,00000001000_ + 20000000000_,"['00000000000_', '00000000001_', '00000000010_', '00000000100_', '00000000200_', '00000010000_', '00000100000_', '00000200000_', '00001000000_', '00002000000_', '00010000000_', '00100000000_', '01000000000_', '10000000000_', '30000000000_', '40000000000_']",1.764561169601036,0.9404910528506034,0.5908832616131523,,,LR,0.5908832616131523
00000001000_,40000000000_,00000001000_ + 40000000000_,"['00000000000_', '00000000001_', '00000000010_', '00000000100_', '00000000200_', '00000010000_', '00000100000_', '00000200000_', '00001000000_', '00002000000_', '00010000000_', '00100000000_', '01000000000_', '10000000000_', '20000000000_', '30000000000_']",1.144437741761026,1.0,0.6450672620457134,,,LR,0.6450672620457134
00000200000_,30000000000_,00000200000_ + 30000000000_,"['00000000000_', '00000000001_', '00000000010_', '00000000100_', '00000000200_', '00000001000_', '00000010000_', '00000100000_', '00001000000_', '00002000000_', '00010000000_', '00100000000_', '01000000000_', '10000000000_', '20000000000_', '40000000000_']",0.8812452515427273,0.8919256448436524,0.6232670413604265,,,LR,0.6232670413604265
00000000010_,30000000000_,00000000010_ + 30000000000_,"['00000000000_', '00000000001_', '00000000100_', '00000000200_', '00000001000_', '00000010000_', '00000100000_', '00000200000_', '00001000000_', '00002000000_', '00010000000_', '00100000000_', '01000000000_', '10000000000_', '20000000000_', '40000000000_']",0.7658696658024579,0.9562341956817739,0.5836751623618011,,,LR,0.5836751623618011
00002000000_,30000000000_,00002000000_ + 30000000000_,"['00000000000_', '00000000001_', '00000000010_', '00000000100_', '00000000200_', '00000001000_', '00000010000_', '00000100000_', '00000200000_', '00001000000_', '00010000000_', '00100000000_', '01000000000_', '10000000000_', '20000000000_', '40000000000_']",0.5878968806858165,0.9055735799719142,0.5035947279666906,,,LR,0.5035947279666906
00010000000_,10000000000_,00010000000_ + 10000000000_,"['00000000000_', '00000000001_', '00000000010_', '00000000100_', '00000000200_', '00000001000_', '00000010000_', '00000100000_', '00000200000_', '00001000000_', '00002000000_', '00100000000_', '01000000000_', '20000000000_', '30000000000_', '40000000000_']",0.11862929748886111,0.8429760831521451,0.7013407355527769,,,LR,0.7013407355527769
00000000000_,00000000100_,00000000000_ + 00000000100_,"['00000000001_', '00000000010_', '00000000200_', '00000001000_', '00000010000_', '00000100000_', '00000200000_', '00001000000_', '00002000000_', '00010000000_', '00100000000_', '01000000000_', '10000000000_', '20000000000_', '30000000000_', '40000000000_']",0.02612521904394618,0.8528368794326242,0.5577137019565055,,,LR,0.5577137019565055
